user,rojo,crawl,stuber,thefarewell,bethanyhamiton
1000mChicago,0,0,0,0,0
14aql,0,0,0,0,0
1Ringbone,0,0,0,0,0
2000stones,0,0,0,0,0
24HorasTVN,4,0,0,0,0
25_itu,0,0,0,0,0
3on1pod,0,0,0,0,0
4mas1familia,0,0,0,0,0
59_cu,0,0,0,0,0
7278f2,0,0,0,0,0
ACwishtv,0,0,0,0,0
AEWrestling,0,0,0,0,0
AGUCDMX,2,0,0,0,0
AHeavyMetalPen,0,0,0,0,0
ANGELAWHITE,0,0,0,0,0
APASomething,0,0,0,0,0
ASIFaasi0786,0,0,0,0,0
A_Safe_Haven,0,0,0,0,0
Abigail81974114,0,0,0,0,0
AboutTheMafia,0,0,0,0,0
AbsLmj,0,0,0,0,0
AcidhaloTTV,0,0,0,0,0
AdamSomers19,0,0,0,0,0
AdventuresTrip1,0,0,0,0,0
AfterLastJedi,0,0,0,0,0
AgentBertram,0,0,0,0,0
AlMakto74625679,0,0,0,0,0
Alanis,0,0,0,0,0
AlexWoodrow7,0,0,0,0,0
Alex_OxChambo,0,0,0,0,0
AliHassanMorad,0,0,0,0,0
AllThingsMakeu6,0,0,0,0,0
AlliCinema,0,0,0,0,0
AlphaOmegaSin,0,0,0,0,0
Amandaxoxo20,0,0,0,0,0
AmayaNYC,0,0,0,0,0
Amber87193446,0,0,0,0,0
AmigosPC,0,0,0,0,0
Andrew_G_Dick,0,0,0,0,0
AnimeTherapy,0,0,0,0,0
Animok_Tv,0,0,0,0,0
Applebees,0,0,0,0,0
AriAster,0,0,0,0,0
ArtHubMedia,0,0,0,0,0
AshleyMova,0,0,0,0,0
AstralColt,0,0,0,0,0
AutomationDsgn,0,0,0,0,0
Ayoutii94,0,0,0,0,0
AzMutant,0,0,0,0,0
BAMoviePodcast,0,0,0,0,0
BTS_twt,0,0,0,0,0
BTWFoundation,0,0,0,0,0
BadNewsBerrios,0,0,0,0,0
BaronVnFlanagan,0,0,0,0,0
BazarFUSION,0,0,0,0,0
Benfulkman99,0,0,0,0,0
BigBadBurlyBob,0,0,0,0,0
BigDMensah,0,0,0,0,0
BlackDouglas_S,0,0,0,0,0
BlackLadySketch,0,0,0,0,0
BluntCatBitch,0,0,0,0,0
BobSpiritwalker,0,0,0,0,0
BonjourOldSport,0,0,0,1,0
Bosslogic,0,0,0,0,0
BottomsUpBeer,0,0,0,0,0
Breyers,0,0,0,0,0
BrianFormo,0,0,0,0,0
Broncos,0,0,0,0,0
BrookReadingPod,0,0,0,0,0
BrowsLip,0,0,0,0,0
BryceBuffaloe,0,0,0,0,0
Buckland_88,0,0,0,0,0
Bujassimkw,0,0,0,0,0
Bunker15Films,0,0,0,0,0
BurgerKing,0,0,0,0,0
BurnettRM,1,0,0,0,0
BusyPhilipps,0,0,0,0,0
CB_writerrr,0,0,0,0,0
CHAINES_MUSIC,0,0,0,0,0
CNCOmusic,0,0,0,0,0
CabooseEK,0,0,0,0,0
Caissie,0,0,0,0,0
CakeBowen,0,0,0,0,0
CaliDreaming89,0,0,0,0,0
CaraMarieLunn,0,0,0,0,0
Casanvar,0,0,0,0,0
Casey,0,0,0,0,0
ChamoliShradha,0,0,0,0,0
Charalanahzard,0,0,0,0,0
ChaseMontavon,0,0,0,0,0
Cheesecake,0,0,0,0,0
Chibuike210,0,0,0,0,0
ChickfilA,0,0,0,0,0
ChrisEvans,0,0,0,0,0
Christian24L,0,0,0,0,0
ChristinaRadish,0,0,0,0,0
CineRik,0,0,0,0,0
CinetecaMexico,0,0,0,0,0
CinnamonGhoul,0,0,0,0,0
Cliamaya,0,0,0,0,0
CoachGusMalzahn,0,0,0,0,0
ColtonHerta,0,0,0,0,0
ComplexMusic,0,0,0,0,0
ConFilmBuff,0,0,0,0,0
Connellybooks,0,0,0,0,0
Contentfulness,0,0,0,0,0
CorbanWilliams3,0,0,0,0,0
Corey_Pieper,0,0,0,0,0
CornOfCoblin,0,0,0,0,0
CreationEnt,0,0,0,0,0
CrookedMarquee,0,0,0,0,0
CrossIntl,0,0,0,0,0
CudaChick1968,0,0,0,0,0
CulturaCiudadMx,0,0,0,0,0
CulturaColectiv,0,0,0,0,0
CulturaUNAM,0,0,0,0,0
CupheadShow,0,0,0,0,0
DCFUnited,0,0,0,0,0
DDAYPUPPYFACE,0,0,0,0,0
DGPurser,0,0,0,0,0
DONDEIRweb,1,0,0,0,0
DaleyReview,0,0,0,0,0
DanielRPK,0,0,0,0,0
DaveBautista,0,0,17,0,0
DaveVance34,0,0,0,0,0
DawnaLeeHeising,0,0,0,0,0
DebbyRyan,0,0,0,0,0
DennisInWarren,0,0,0,0,0
DiegoBoggioni,0,0,0,0,0
DinahJaneWorldW,0,0,0,0,0
Dionifery,0,0,0,0,0
DiscplsofDesire,0,0,0,0,0
DisneysMulan,0,0,0,0,0
Djllewellyn,0,0,0,0,0
Dkmorris0204,0,0,0,0,0
DoraMovie,0,0,0,0,0
DorothyBlanken3,0,0,0,0,0
DrDavidSurratt,0,0,0,0,0
DrNealHouston,0,0,0,0,0
DragonX83861658,0,0,0,0,0
DragoonKnight25,0,0,0,0,0
DrewBar43388315,0,0,0,0,0
DuMtz,0,0,0,0,0
EDouglasWW,0,4,2,0,0
EVComedy,0,0,0,0,0
Eddieha39637654,0,0,0,0,0
Editpool,0,0,0,0,0
EduardoTargueta,0,0,0,0,0
EkelemeNnaemeka,0,0,0,0,0
Elanalew,0,0,0,0,0
Eleanor65586204,0,0,0,0,0
ElitaJaque,3,0,0,0,0
ElizabethBanks,0,0,0,0,0
EmMaskell,0,0,0,0,0
EmporiumMovie,0,2,3,1,0
Enoch_91,0,0,0,0,0
EntTribe,0,0,0,0,0
EricAllanKramer,0,0,0,0,0
ErickBrianColon,0,0,0,0,0
EspresoK,0,0,0,0,0
EugenioDerbez,1,0,0,0,0
ExaFM,0,0,0,0,0
ExoThinker,0,0,0,0,0
FGNMag,0,0,0,0,0
FUCMYT,0,0,0,0,0
FabricaSocial,0,0,0,0,0
FanDinah,0,0,0,0,0
FantasticMrJeff,0,0,0,0,0
Fargo12,0,0,0,0,0
FilmClickbait,0,0,0,0,0
Fishers_Kitchen,0,0,0,0,0
FletchSaidThat,0,0,0,0,0
FlixyMom,0,0,0,0,0
FoodLoveTog,0,0,0,0,0
Franciistgo,0,0,0,0,0
GabriellaB223,0,0,0,0,0
GabyAle91,0,0,0,0,0
GameSpot,0,0,0,0,0
GamesWithNix,0,0,0,0,0
GirlsHeartGeeks,0,0,0,0,0
GobiernodeChile,0,0,0,0,0
GodzillaLets,0,0,0,0,0
GraceBikomagu,0,0,0,0,0
Graenni,0,0,0,0,0
GrandeTourNews,0,0,0,0,0
GroundedStyle,0,0,0,0,0
H30SS,0,0,0,0,0
HABloushi,0,0,0,0,0
HardcoreHistory,0,0,0,0,0
HarryJLennix,0,0,0,0,0
HarshKhatri038,0,0,0,0,0
HellboyYoshi25,0,0,0,0,0
HiTopFilms,0,0,0,0,0
HighonFilmz,0,0,0,0,0
HollyBlackstone,0,0,0,0,0
HoosierBurnCamp,0,0,0,0,0
HubbyALH,0,0,0,0,0
IGN,0,0,0,0,0
Imright00233186,0,0,0,0,0
In_Th_Spotlight,0,0,0,0,0
IncomparableMrC,0,0,0,0,0
IndyFinn,0,0,0,0,0
IndyMayorJoe,0,0,0,0,0
InfiniteSobbing,0,0,0,0,0
IntrinsicallyP,0,0,0,0,0
InvasionRemake,0,0,0,0,0
IsraelinChicago,0,0,0,0,0
JPConor_,0,0,0,0,0
JT_Neal_IV,0,0,0,0,0
JackBennerMR,0,0,0,0,0
Jack_Septic_Eye,0,0,0,0,0
Jaliffex,0,0,0,0,0
JamesDermond,0,0,0,0,0
JamieLeeOD,0,0,0,0,0
JapanGov,0,0,0,0,0
JaredHarris,0,0,0,0,0
JarvisDupont,0,0,0,0,0
JasonReitman,0,0,0,0,0
JeanRoddenberry,0,0,0,0,0
JeffTeravainen,0,0,0,0,0
Jemiscoe,0,0,0,0,0
JeremiahUAuthor,0,0,0,0,0
JeremyDavis1989,0,0,0,0,0
Jillian1Wyatt,0,0,0,0,0
JimmiePiersall,0,0,0,0,0
JimmySChanga1,0,0,0,0,0
JoanAlmedilla,0,0,0,0,0
Jodielunnx,0,0,0,0,0
JohnWickMovie,0,0,0,0,0
JohnWickUK,0,0,0,0,0
Johnwil01106157,0,0,0,0,0
JonahRemnant,0,0,0,0,0
Jonathan_Latour,0,0,0,0,0
JordanBeyer12,0,0,0,0,0
Jorraptor,0,0,0,0,0
JoshMacuga,0,0,0,0,0
JotaCe_Vidal,0,0,0,0,0
JourMajesty,0,0,0,0,0
JuanNicReyes,0,0,0,0,0
JulieKaylin,0,0,0,0,0
JulissaAlvares1,0,0,0,0,0
JustEm_78,0,0,0,0,0
KLStudioClassic,0,0,0,0,0
KOATpodcast,0,0,0,0,0
Keeno_Reeno,0,0,0,0,0
KeiraCroft,0,0,0,0,0
KendallJenner,0,0,0,0,0
King_ofCups,0,0,0,0,0
KlasicKumputerz,0,0,0,0,0
Klondikebar,0,0,0,0,0
KristyPuchko,0,2,0,1,0
Krys_T_,0,0,0,0,0
KyleDHester,0,0,0,0,0
LJWalz,0,0,0,0,0
LM__Support,0,0,0,0,0
L_A_Baker,0,0,0,0,0
LateNightSeth,0,0,0,0,0
LaurenGallaway,0,0,0,0,0
LaydenRobinson,0,0,0,0,0
LemmieLickett,0,0,0,0,0
Lexialex,0,0,0,0,0
Libreliebremx,0,0,0,0,0
LightThievery,0,0,0,0,0
LindsayDaileyTV,0,0,0,0,0
LittleMix,0,0,0,0,0
LouisaHarland1,0,0,0,0,0
MARVELspank,0,0,0,0,0
MCMarcotte,0,0,0,0,0
MGnPpodcast,0,2,0,0,0
MISTERHIPP,0,0,0,0,0
MJMcKean,0,0,0,0,0
MOVIEDEATHBLOWS,0,1,1,0,0
MaggieMaeFish,0,0,0,0,0
MagnanimousRent,0,0,0,0,0
Malcolmdupri,0,0,0,0,0
Manizlover,0,0,0,0,0
MarcAnthony,0,0,0,0,0
MarlenaStell,0,0,0,0,0
MarvelStudios,0,0,0,0,0
MaryQueener59,0,0,0,0,0
MastersofLoveM,0,0,0,0,0
McDonalds,0,0,0,0,0
MessyDeskGames,0,0,0,0,0
Mexicanitasmx,0,0,0,0,0
MichaelMatteoRo,0,0,0,0,0
MichaelVBoule,0,0,0,0,0
MiguelAniston7,0,0,0,0,0
MikeMiranda11,0,0,0,0,0
MikeVanderbilt,0,0,0,0,0
Mile_Zee,0,0,0,0,0
MiraeCat,0,0,0,0,0
MissMaimePeas,0,0,0,0,0
Mixeyyy1,0,0,0,0,0
MoistCr1TiKaL,0,0,0,0,0
MontyGeer,0,0,0,0,0
MookeDaGod,0,0,0,0,0
MorrowD33,0,0,0,0,0
MotorcycleMagUs,0,0,0,0,0
MovieMediocre,0,0,0,0,0
MrCianTwomey,0,0,0,0,0
MrLukeJenner,0,0,0,0,0
Mr_DrinksOnMe,0,0,0,0,0
MurrellDan,0,0,1,0,0
MzladiCal,0,0,0,0,0
N8ifinity,0,0,0,0,0
NAPAWF,0,0,0,0,0
NaveenChandler,0,0,0,0,0
Nazzman,0,0,0,0,0
NeonNeverSleeps,0,0,0,0,0
NewMediaSD,0,0,0,0,0
NewberryLibrary,0,0,0,0,0
NextBestPicture,0,3,4,9,0
Nike,0,0,0,0,0
NintendoAmerica,0,0,0,0,0
Nnamdi47648955,0,0,0,0,0
Noi_X,0,0,0,0,0
Nomsa53396822,0,0,0,0,0
NylaRoseBeast,0,0,0,0,0
OMGkee,0,0,0,0,0
OakleysBistro,0,0,0,0,0
OasisFMChile,0,0,0,0,0
OctoberHell,0,0,0,0,0
Ohrangutang,0,0,0,0,0
OneElevenChi,0,0,0,0,0
OnePieceAnime,0,0,0,0,0
PAS0LINI,0,0,0,0,0
PDSharp1,0,0,0,0,0
PHILANTHROPYCCC,0,0,0,0,0
PIVOTGANG,0,0,0,0,0
PPLAreTerrible,0,0,0,0,0
PRforAnyone,0,0,0,0,0
PaladinAmber,0,0,0,0,0
PanicPoke,0,0,0,0,0
PapaJohns,0,0,0,0,0
Paparazzi4U,0,0,0,0,0
ParkPlaid,0,0,0,0,0
Paujoyas,0,0,0,0,0
PearsonUSA,0,0,0,0,0
Pelaovenegas,0,0,0,0,0
PeterAlexander,0,0,0,0,0
PeytonList,0,0,0,0,0
PinkLabelTV,0,0,0,0,0
PivotingInHeels,0,0,0,0,0
PixelCGR,0,0,0,0,0
PlayStation,0,0,0,0,0
Plipla2,0,0,0,0,0
Podern_Family,0,0,0,0,0
Poltrg_Thoughts,0,0,0,0,0
PopTartsUS,0,0,0,0,0
PornAsia1,0,0,0,0,0
PowercutMusic,0,0,0,0,0
PrideOfGypsiesJ,0,0,0,0,0
PrideintheParkC,0,0,0,0,0
Prince_Vince_,0,0,0,0,0
ProperOpinion,0,0,0,0,0
Qwipster,0,0,0,0,0
R2DZNTS,0,0,0,0,0
RAMRANTS,0,0,0,0,0
Rage_Quit_Rehab,0,0,0,0,0
Raini_Rodriguez,0,0,0,0,0
Ram130cnx,0,0,0,0,0
Ramelcarterfilm,0,0,0,0,0
RaquelC_Diaz,0,0,0,0,0
RaquelR14862334,0,0,0,0,0
RaquelStecher,0,0,0,0,0
RasmussenBros,0,3,0,0,0
Reheaded12,0,0,0,0,0
ReneORD66,0,0,0,0,0
Renton4441,0,0,0,0,0
RepJudyChu,0,0,0,0,0
RepentantSky,0,0,0,0,0
RetroBzar,0,0,0,0,0
RhysHandley2113,0,0,0,0,0
RichLux713,0,0,0,0,0
RingoIsGOD,0,0,0,0,0
RissaBlakeley,0,0,0,0,0
RobBailyRoc,0,0,0,0,0
RobtGLee,0,0,0,0,0
RockSingR10,0,0,0,0,0
Rodrigopeve,0,0,0,0,0
Rtreatwilliams,0,0,0,0,0
RumerRaines,0,0,0,0,0
Russo_Brothers,0,0,0,0,0
RyanBrindleyIU,0,0,0,0,0
Ryan_McMahonn,0,0,0,0,0
SCT_mx,0,0,0,0,0
SECTUR_mx,0,0,0,0,0
SEDEMA_CDMX,0,0,0,0,0
SEGOB_mx,1,0,0,0,0
SGZimmer,0,0,0,0,0
SLSingh,0,0,0,0,0
SLT20201,0,0,0,0,0
SOBSECDMX,0,0,0,0,0
SUBWAY,0,0,0,0,0
SURGE,0,0,0,0,0
SVAVLLC,0,0,0,0,0
SWTheory66,0,0,0,0,0
Sabrina91017730,0,0,0,0,0
SacmexCDMX,0,0,0,0,0
SalamatakGCC,0,0,0,0,0
SamuelHay92,0,0,0,0,0
SamuelWelch4,0,0,0,0,0
SaoirseJackson,0,0,0,0,0
SaraAlfageeh,0,0,0,0,0
SaraStapane_,0,0,0,0,0
ScarlettDelage,0,0,0,0,0
ScaylenRenvac,0,0,0,0,0
SeanTho67849696,0,0,0,0,0
Shady_Bodo_1,0,0,0,0,0
ShannonBream,0,0,0,0,0
ShirleyGodbey,0,0,0,0,0
ShoyebK80488460,0,0,0,0,0
SignatureTable,0,0,0,0,0
SimnAndres12,0,0,0,0,0
SimpsonsAlbums,0,0,0,0,0
SirFilmFreak,0,0,0,0,0
SmarkSister,0,0,0,0,0
SnapDeezeThanos,0,0,0,0,0
SneezyFapper,0,0,0,0,0
SonySantaMonica,0,0,0,0,0
SpiderManMovie,0,0,0,0,0
Sprite,0,0,0,0,0
StarRegistry,0,0,0,0,0
StephenAmell,0,0,0,0,0
StevenUnrue,0,0,0,0,0
Stonewall_77,0,0,0,0,0
SubmitMyTrack,0,0,0,0,0
SunKingBrewing,0,0,0,0,0
SuperKingofBros,0,0,0,0,0
SussexCoChicken,0,0,0,0,0
SyndicateChi,0,0,0,0,0
TKOpresents,0,0,0,0,0
TRAFICOBAZAR,0,0,0,0,0
TSG_PR,0,0,0,0,0
TaraDBennett,0,0,0,0,0
TariqAldowaisan,0,0,0,0,0
Taylorrob28Rob,0,0,0,0,0
That0therGeorge,0,0,0,0,0
TheAmazingDave1,0,0,0,0,0
TheBabylonBee,0,0,0,0,0
TheGuerrillaRep,0,0,0,0,0
TheInSneider,0,0,0,0,0
TheNintengal,0,0,0,0,0
TheNotoriousMMA,0,0,0,0,0
TheRealOJ32,0,0,0,0,0
TheReplacements,0,0,0,0,0
TheTeriGamble,0,0,0,0,0
TheWildIndigo1,0,0,0,0,0
TheWizardofAss,0,0,0,0,0
The_DCEU,0,0,0,0,0
The_Greek_Geek_,0,0,0,0,0
Theburger92,0,0,0,0,0
ThehorseCapper,0,0,0,0,0
ThemeParkDustin,0,0,0,0,0
Timcast,0,0,0,0,0
Timjobs98,0,0,0,0,0
Toastiewiththe,0,0,0,0,0
TomHolland1996,0,0,0,0,0
TrueKofi,0,0,0,0,0
Tu_IMSS,0,0,0,0,0
TurismoCDMX,0,0,0,0,0
TwitterSafety,0,0,0,0,0
TylerSickels6,0,0,0,0,0
UnUnderscore,0,0,0,0,0
UnbridledMd,0,0,0,0,0
UncommonPrince,0,0,0,0,0
UnluckyHeroine_,0,0,0,0,0
UrbinaRiojas,0,0,0,0,0
UrrutiaJIU,0,0,0,0,0
ValCleans,0,0,0,0,0
VirgilFilms,0,0,0,0,0
VivaLaxIndia,0,0,0,0,0
WTHQ_RT,0,0,0,0,0
WadeWil36606087,0,0,0,0,0
WeAreChilpa,0,0,0,0,0
Wendys,0,0,0,0,0
WestJaden24,0,0,0,0,0
Winter,0,0,0,0,0
YTConnected,0,0,0,0,0
YanceyMaya,0,0,0,0,0
YanksInSeven,0,0,0,0,0
YaraShahidi,0,0,0,0,0
YesterCades,0,0,0,0,0
YolaDiaLA,0,0,0,0,0
YosonSolo,0,0,0,0,0
ZevShalev,0,0,0,0,0
_Mr_Padgett_,0,0,0,0,0
__yunglexi,0,0,0,0,0
_beall_,0,0,0,0,0
_mckennnnaa_,0,0,0,0,0
_rachelyang,0,0,0,0,0
_watch_ksa,0,0,0,0,0
abrahamyaelcv,0,0,0,0,0
actor_md,0,0,0,0,0
actorkriscarr,0,0,0,0,0
adriaarjona,0,0,0,0,0
aleeshacpr,0,0,0,0,0
aliciamalone,0,0,0,0,0
allan_cheapshot,0,0,0,0,0
almjnwntsarh,0,0,0,0,0
alphavdesign,0,0,0,0,0
alteredground,0,0,0,0,0
amoudinoura13,0,0,0,0,0
amy12368,0,0,0,0,0
andrewscottbell,0,0,0,0,0
annesley_lia,0,0,0,0,0
annette14449814,0,0,0,0,0
antabert,0,0,0,0,0
anthonyjeselnik,0,0,0,0,0
antonio_green,0,0,0,0,0
army6_q,0,0,0,0,0
ashley_heyer,0,0,0,0,0
austute119,0,0,0,0,0
azizeeh23,0,0,0,0,0
azorohio,0,0,0,0,0
baley23345732,0,0,0,0,0
bdjackforhad,0,0,0,0,0
beachbikes,0,0,0,0,0
beadequintana,0,0,0,0,0
bellathorne,0,0,0,0,0
benshapiro,0,0,0,0,0
bigjohnro55,0,0,0,0,0
billburr,0,0,0,0,0
bizarrolivecl,0,0,0,0,0
blackmotherfilm,0,0,0,0,0
blerdgasms,0,0,0,0,0
blockhedz,0,0,0,0,0
bloodnblackrum,0,0,0,0,0
bloomfieldbops,0,0,0,0,0
bmoviesd,0,0,0,0,0
boby_curse,0,0,0,0,0
bowlestrek,0,0,0,0,0
bradley_s_perry,0,0,0,0,0
braulio_man,0,0,0,0,0
brianjacks,0,0,0,0,0
brianwaves42,0,0,0,0,0
bridgitmendler,0,0,0,0,0
broken_social,0,0,7,4,0
bryanalvarez,0,0,0,0,0
byers8205,0,0,0,0,0
calvinmcgonagle,0,0,0,0,0
carmenrionmoda,1,0,0,0,0
carolaverygrant,0,0,0,0,0
catdanlis,0,0,0,0,0
cevinkouch,0,0,0,0,0
chamuchula,0,0,0,0,0
chasing_molly,0,0,0,0,0
cherrybracelets,0,0,0,0,0
chillingmovies,0,1,1,0,0
chinamcclain,0,0,0,0,0
choshiab,0,0,0,0,0
chris_tardio,0,0,0,0,0
chrissteinplays,0,0,0,0,0
christophervele,0,0,0,0,0
chuckfleegman,0,0,1,0,0
clarkewolfe,0,1,0,0,0
cliffWISH8,0,0,0,0,0
coachbrucepearl,0,0,0,0,0
coltsNation365,0,0,0,0,0
compassion,0,0,0,0,0
conansmith96,0,0,1,0,0
condessaleather,1,0,0,0,0
consequence,0,4,1,2,0
cosmovarietyhr,0,0,0,0,0
craiggerbird,0,0,0,0,0
cultura_mx,0,0,0,0,0
curtis9413,0,0,0,0,0
cuteaasha,0,0,0,0,0
cwilsonsongs,0,0,0,0,0
daejacollier,0,0,0,0,0
dailystoic,0,0,0,0,0
damndinally,0,0,0,0,0
danblackroyd,0,0,0,0,0
danketch69,0,0,0,0,0
davemeltzerWON,0,0,0,0,0
daylilybella,0,0,0,0,0
deanbc1,0,0,0,0,0
desertdaze,0,0,0,0,0
dgjeans,0,0,1,0,0
dicker_graham,0,0,0,0,0
diellemusicuk,0,0,0,0,0
dironesporridge,0,0,0,0,0
ditzyfitzy86,0,0,0,0,0
domcorona_,0,0,0,0,0
dominos,0,0,0,0,0
dr_unimpressed,0,0,0,0,0
drlouisewriting,0,0,0,0,0
dvdwlshhh,0,0,0,0,0
dwallacewells,0,0,0,0,0
earnestjeremy,0,0,0,0,0
ed_solomon,0,0,0,0,0
edicola_di,0,0,0,0,0
ej_hazzard,0,0,0,0,0
ekm34981,0,0,0,0,0
ellabalinska,0,0,0,0,0
ellamaesbtq,0,0,0,0,0
ellfog,0,0,0,0,0
elonmusk,0,0,0,0,0
embryoroom,0,0,0,0,0
emilianojuanca,0,0,0,0,0
emilyyoshida,0,0,0,0,0
encinavicencio1,0,0,0,0,0
erickohn,0,0,0,0,0
fafifochile,0,0,0,0,0
fbowpod,0,0,0,0,0
fdobarrientos,0,0,0,0,0
fearamid,0,0,0,0,0
ffmedianews,0,2,2,0,0
fiShandn0odles,0,0,0,0,0
filmtrials,0,0,0,0,0
firstwefeast,0,0,0,0,0
fizzandginger,0,0,0,0,0
fotechcl,198,0,0,0,0
freshmovietake,0,1,0,0,0
ftr_cast,0,1,0,0,0
galkamalka_,0,0,0,0,0
garriganjim,0,0,0,0,0
garyvee,0,0,0,0,0
gaytimesmag,0,0,0,0,0
geekheavy,0,0,0,0,0
geekinoutsobier,0,0,0,0,0
germanottateam,0,0,0,0,0
ghostgarbage,0,0,0,0,0
ginatorres,0,0,0,0,0
girlsontopstees,0,0,0,0,0
gnarlynaims_,0,0,0,0,0
go2Crossroads,0,0,0,0,0
gotsnow10,0,0,0,0,0
gypsyglambykate,0,1,0,0,0
h_alharbi_1,0,0,0,0,0
hadestown,0,0,0,0,0
halfformedopin1,0,0,0,0,0
hananhobilak,0,0,0,0,0
hauslabs,0,0,0,0,0
hausofjoel,0,0,1,0,0
hazoki_97,0,0,0,0,0
hffnh1,0,0,0,0,0
high1ife,0,0,0,0,0
hipvelma,0,0,0,0,0
historylvrsclub,0,0,0,0,0
hitsville,0,0,0,0,0
hodgetwins,0,0,0,0,0
houseofnodfilms,0,0,0,0,0
iamalmostlegend,0,0,0,0,0
ihccbusiness,0,0,0,0,0
ii_whisper,0,0,0,0,0
indypiesandpint,0,0,0,0,0
indystyle,0,0,1,0,0
isabelleg319,0,0,0,0,0
itsNICKSNIDER,0,0,0,0,0
itsjoelpimentel,0,0,0,0,0
itswillmanning,0,0,0,0,0
jamesw033,0,0,0,0,0
jamiekilstein,0,0,0,0,0
jarrahdiana,0,0,0,0,0
jasonscottlee,0,0,0,0,0
jasontpowell,0,0,0,0,0
jaybriscoe84,0,0,0,0,0
jctdallas,0,0,0,0,0
jeffconway,0,0,3,0,0
jennxlai,0,0,0,0,0
jillian1001,0,0,0,0,0
jimmycthatsme,0,0,0,0,0
jlr1988,0,0,0,0,0
jockowillink,0,0,0,0,0
joerogan,0,0,0,0,0
joestarr187,0,0,0,0,0
johnbuckley82,0,0,0,0,0
johncocozza,0,0,0,0,0
joncaramanica,0,0,0,0,0
jonnixfilm,0,1,0,0,0
jordan__kelvin,0,0,0,0,0
jordanbpeterson,0,0,0,0,0
joshuaboshell,0,0,0,0,0
just_linee,0,0,0,0,0
juv3nt1n0_1897,0,0,0,0,0
kaifaanii,0,0,0,0,0
kaitlyndeverrs,0,0,0,0,0
kathrryyn1,0,0,0,0,0
kaya25561180,0,0,0,0,0
keithandrewrowe,0,1,0,0,0
kerensacadenas,0,0,0,0,0
kevinac2787,0,0,0,0,0
kimura_syoya,0,0,0,0,0
kioopz,0,0,0,0,0
knovak832_novak,0,0,0,0,0
kobokosandals,0,0,0,0,0
krowdster,0,0,0,0,0
kulturec,0,0,0,0,0
kumailn,0,0,3,0,0
kuniv_aid,0,0,0,0,0
kurt_loder,0,0,1,0,0
kylie_conway,0,0,0,0,0
la_oreja,0,0,0,0,0
lablock07,0,0,0,0,0
lalonjamx,0,0,0,0,0
lapierre_maddie,0,0,0,0,0
lauraco90893417,0,0,0,0,0
lauramarano,0,0,0,0,0
lauramitchem1,0,0,0,0,0
laylakaylif,0,0,0,0,0
lcaro67,0,0,0,0,0
le_goldie_,0,0,0,0,0
lenaisapeach,0,0,0,0,0
lepetitmondemx,0,0,0,0,0
leresatee,0,0,0,0,0
letterboxdfame,0,0,0,0,0
lisabassboom,0,0,0,0,0
lisacyoulater,0,0,0,0,0
livary43,0,0,0,0,0
lotusmusica,0,0,0,0,0
louisa_harland,0,0,0,0,0
loveIeighright,0,0,0,0,0
loveajcderight,0,0,0,0,0
lsassociate_jb,0,0,0,0,0
lubiazebadua,0,0,0,0,0
luccyy12,0,0,0,0,0
lumnayofficial,0,0,0,0,0
mPinoe,0,0,0,0,0
madcoolfestival,0,0,0,0,0
maggiegalton,0,0,0,0,0
majonapata,0,0,0,0,0
mantra4good,0,0,0,0,0
maravinnita,0,0,0,0,0
marrleyy5,0,0,0,0,0
matthewroth19,0,0,0,0,0
mazuyn11,0,0,0,0,0
mbellasartes,1,0,0,0,0
mcdonalddetroit,0,0,0,0,0
megaenshea,0,0,0,0,0
meganwmglesga,0,0,0,0,0
meh_frances,0,0,0,0,0
mgflashman,0,0,0,0,0
mguajardou,0,0,0,0,0
mhcovill,0,0,0,1,0
miagothette,0,0,0,0,0
miaportillo28,0,0,0,0,0
michaelnakache,0,0,0,0,0
michelledudash,0,0,0,0,0
mike_Iaconelli,0,0,0,0,0
millaraysmb,0,0,0,0,0
mimiuontherun,0,0,0,0,0
mirandambailey,0,0,0,0,0
missrexha,0,0,0,0,0
mixermanagement,0,0,0,0,0
mjubenitez,0,0,0,0,0
mmits,0,0,0,0,0
mo_jasem1,0,0,1,0,0
modernpope,0,0,0,0,0
momgerm,0,0,0,0,0
moodav47,0,0,0,0,0
movienation,0,0,0,0,0
movistararena,0,0,0,0,0
musermama,0,0,0,0,0
nakamura193,0,0,0,0,0
nancyodell,0,0,0,0,0
napstryo,0,0,0,0,0
necrony,0,0,0,0,0
neli_rowland,0,0,0,0,0
newguyreview101,0,0,0,0,0
newlife42652905,0,0,0,0,0
nick_britton32,0,0,0,0,0
nickmo57,0,0,0,0,0
nicolacoughlan,0,0,0,0,0
nottjmiller,0,0,0,0,0
odis85,0,0,0,0,0
oliverdarcy,0,0,0,0,0
omn1media,0,2,3,0,0
onemichile,0,0,0,0,0
orangecassidy,0,0,0,0,0
palladiummag,0,0,0,0,0
patrick_758_,0,0,0,0,0
pcorey79,0,0,0,0,0
pendragon9681,0,0,0,0,0
pest_coach,0,0,0,0,0
pewdiepie,0,0,0,0,0
phantomplanet,0,0,0,0,0
piera42185492,0,0,0,0,0
planetary_union,0,0,0,0,0
podcast_tas,0,0,0,0,0
prattprattpratt,0,0,0,0,0
pupbroofdog,0,0,0,0,0
puscas_lucian87,0,0,0,0,0
quillivys,0,0,0,0,0
rachel_reviews,0,0,0,1,0
rachelmooney19,0,0,0,0,0
raehanbobby,0,0,0,0,0
rafiright,0,0,0,0,0
ranchdressingg2,0,0,0,0,0
randommnky,0,0,1,0,0
realbethgibbons,0,0,0,0,0
red_chelse,0,0,0,0,0
redlobster,0,0,0,0,0
reinoe,0,0,0,0,0
rendy_jones,0,0,1,5,0
sus1eaf,0,0,0,0,0
susanorlean,0,0,0,0,0
tacobell,0,0,0,0,0
tayarisha,0,0,0,0,0
taylorswift13,0,0,0,0,0
taypearlstein,0,0,0,0,0
teacakeandmake,0,0,0,0,0
tedharringtonjr,0,0,0,0,0
telix5000,0,0,0,0,0
tengounplan_cl,0,0,0,0,0
thameeralamma,0,0,0,0,0
theDALTONcastle,0,0,0,0,0
thechipwillis,0,0,0,0,0
thehighsign,0,0,0,0,0
thehills,0,0,0,0,0
themaxhalloween,0,0,0,0,0
themccpodcast,0,0,0,0,0
themusiczoo,0,0,0,0,0
thenerdsofcolor,0,0,8,3,0
therealjoebob,0,0,0,0,0
therealrapiton,0,0,1,0,0
theresaroemer,0,0,0,0,0
thescribes_,0,0,0,0,0
toddd_foolery,0,0,0,0,0
tomandjerr_,0,0,0,0,0
tongueinsideme,0,0,0,0,0
torresvcalcio,0,0,0,0,0
trailered_,0,0,0,0,0
truth_077,0,0,0,0,0
tunein,0,0,0,0,0
tycecarlson,0,0,0,0,0
ulcmonastery,0,0,0,0,0
unitonecollects,0,0,0,0,0
uzmanmemo,0,0,0,0,0
valenti05042624,0,0,0,0,0
vanitasbazar,0,0,0,0,0
verge,0,0,0,0,0
wesleyroth,0,0,0,0,0
wgtc_site,0,3,0,0,0
whatifventures,0,0,0,0,0
whitaker_marva,0,0,0,0,0
wifilmfest,0,0,0,0,0
woahtato,0,0,0,0,0
wolfeatworld,0,0,0,0,0
woodstockfest,0,0,0,0,0
writeboy,0,0,0,0,0
xeviuss,0,0,0,0,0
yesterdaymovie,0,0,0,0,0
yifei_cc,0,0,0,0,0
youthpallet,0,0,0,0,0
yoyabresky,0,0,0,0,0
zabdiel1344,0,0,0,0,0
zachdcampbell,0,0,0,0,0
zachforzombies,0,0,0,0,0
zuliluis_mx,1,0,0,0,0
zzcat88,0,0,0,0,0
