1000mChicago,557
14aql,7097
1Ringbone,1746
2000stones,191
24HorasTVN,641191
25_itu,0
3on1pod,114
4mas1familia,4901
59_cu,7570
7278f2,9520
ACwishtv,31955
AEWrestling,2337
AGUCDMX,442400
AHeavyMetalPen,2348
ANGELAWHITE,46507
APASomething,9619
ASIFaasi0786,2
A_Safe_Haven,4066
Abigail81974114,2
AboutTheMafia,2842
AbsLmj,140
AcidhaloTTV,4746
AdamSomers19,383
AdventuresTrip1,20
AfterLastJedi,11778
AgentBertram,345116
AlMakto74625679,1
Alanis,1693
AlexWoodrow7,165
Alex_OxChambo,1856
AliHassanMorad,39
AllThingsMakeu6,602
AlliCinema,14176
AlphaOmegaSin,33318
Amandaxoxo20,18
AmayaNYC,189091
Amber87193446,75
AmigosPC,3067
Andrew_G_Dick,1311
AnimeTherapy,9313
Animok_Tv,13763
Applebees,695550
AriAster,342
ArtHubMedia,591
AshleyMova,2814
AstralColt,44130
AutomationDsgn,1151
Ayoutii94,655
AzMutant,1013
BAMoviePodcast,1301
BTS_twt,11872
BTWFoundation,7509
BadNewsBerrios,1300
BaronVnFlanagan,224
BazarFUSION,38402
Benfulkman99,5317
BigBadBurlyBob,28915
BigDMensah,28040
BlackDouglas_S,9782
BlackLadySketch,69
BluntCatBitch,585
BobSpiritwalker,17872
BonjourOldSport,6259
Bosslogic,77459
BottomsUpBeer,11723
Breyers,18186
BrianFormo,5475
Broncos,55130
BrookReadingPod,13145
BrowsLip,31
BryceBuffaloe,250
Buckland_88,2
Bujassimkw,21179
Bunker15Films,339
BurgerKing,25662
BurnettRM,90984
BusyPhilipps,14448
CB_writerrr,330
CHAINES_MUSIC,4449
CNCOmusic,9324
CabooseEK,50203
Caissie,133694
CakeBowen,12
CaliDreaming89,1085
CaraMarieLunn,341
Casanvar,16055
Casey,23340
ChamoliShradha,260
Charalanahzard,30845
ChaseMontavon,2726
Cheesecake,34871
Chibuike210,8
ChickfilA,147393
ChrisEvans,1378
Christian24L,7297
ChristinaRadish,8333
CineRik,10155
CinetecaMexico,42204
CinnamonGhoul,12901
Cliamaya,1699
CoachGusMalzahn,900
ColtonHerta,1704
ComplexMusic,98339
ConFilmBuff,8829
Connellybooks,8826
Contentfulness,291
CorbanWilliams3,79
Corey_Pieper,25305
CornOfCoblin,10
CreationEnt,21490
CrookedMarquee,815
CrossIntl,2124
CudaChick1968,3841
CulturaCiudadMx,61581
CulturaColectiv,230287
CulturaUNAM,41627
CupheadShow,91
DCFUnited,3784
DDAYPUPPYFACE,149
DGPurser,158278
DONDEIRweb,88561
DaleyReview,23168
DanielRPK,9900
DaveBautista,8411
DaveVance34,470
DawnaLeeHeising,26876
DebbyRyan,23946
DennisInWarren,6623
DiegoBoggioni,705
DinahJaneWorldW,588
Dionifery,1501
DiscplsofDesire,911
DisneysMulan,2
Djllewellyn,2413
Dkmorris0204,105402
DoraMovie,38
DorothyBlanken3,4209
DrDavidSurratt,2600
DrNealHouston,36834
DragonX83861658,83
DragoonKnight25,2763
DrewBar43388315,0
DuMtz,12071
EDouglasWW,64551
EVComedy,9669
Eddieha39637654,689
Editpool,297
EduardoTargueta,8
EkelemeNnaemeka,4
Elanalew,521
Eleanor65586204,772
ElitaJaque,5900
ElizabethBanks,9884
EmMaskell,2438
EmporiumMovie,1517
Enoch_91,49761
EntTribe,138
EricAllanKramer,6153
ErickBrianColon,1002
EspresoK,0
EugenioDerbez,9239
ExaFM,166457
ExoThinker,48873
FGNMag,14367
FUCMYT,9
FabricaSocial,5850
FanDinah,10526
FantasticMrJeff,3542
Fargo12,11310
FilmClickbait,5564
Fishers_Kitchen,3
FletchSaidThat,66466
FlixyMom,894
FoodLoveTog,17014
Franciistgo,14
GabriellaB223,2280
GabyAle91,261969
GameSpot,122126
GamesWithNix,558
GirlsHeartGeeks,11827
GobiernodeChile,36632
GodzillaLets,5006
GraceBikomagu,0
Graenni,12721
GrandeTourNews,14058
GroundedStyle,104
H30SS,31955
HABloushi,24419
HardcoreHistory,8671
HarryJLennix,4058
HarshKhatri038,1
HellboyYoshi25,5948
HiTopFilms,4687
HighonFilmz,4588
HollyBlackstone,2267
HoosierBurnCamp,714
HubbyALH,2178
IGN,118564
Imright00233186,1160
In_Th_Spotlight,9253
IncomparableMrC,2927
IndyFinn,61
IndyMayorJoe,10379
InfiniteSobbing,3929
IntrinsicallyP,435
InvasionRemake,18215
IsraelinChicago,4082
JPConor_,98
JT_Neal_IV,3610
JackBennerMR,506
Jack_Septic_Eye,10473
Jaliffex,4031
JamesDermond,2575
JamieLeeOD,537
JapanGov,7845
JaredHarris,2533
JarvisDupont,1976
JasonReitman,2937
JeanRoddenberry,477
JeffTeravainen,16153
Jemiscoe,868
JeremiahUAuthor,379
JeremyDavis1989,15423
Jillian1Wyatt,142
JimmiePiersall,882
JimmySChanga1,0
JoanAlmedilla,1384
Jodielunnx,6131
JohnWickMovie,2838
JohnWickUK,436
Johnwil01106157,15
JonahRemnant,4797
Jonathan_Latour,9437
JordanBeyer12,170
Jorraptor,15687
JoshMacuga,35196
JotaCe_Vidal,1861
JourMajesty,8116
JuanNicReyes,3935
JulieKaylin,4128
JulissaAlvares1,44
JustEm_78,4311
KLStudioClassic,1273
KOATpodcast,8506
Keeno_Reeno,8190
KeiraCroft,6509
KendallJenner,9422
King_ofCups,8
KlasicKumputerz,1032
Klondikebar,9499
KristyPuchko,18143
Krys_T_,212
KyleDHester,41136
LJWalz,231
LM__Support,3144
L_A_Baker,2708
LateNightSeth,13943
LaurenGallaway,189618
LaydenRobinson,526699
LemmieLickett,5478
Lexialex,3460
Libreliebremx,26117
LightThievery,71
LindsayDaileyTV,0
LittleMix,32666
LouisaHarland1,0
MARVELspank,11657
MCMarcotte,943
MGnPpodcast,16588
MISTERHIPP,797
MJMcKean,34758
MOVIEDEATHBLOWS,14005
MaggieMaeFish,8739
MagnanimousRent,27164
Malcolmdupri,4602
Manizlover,362
MarcAnthony,6945
MarlenaStell,4962
MarvelStudios,9812
MaryQueener59,12
MastersofLoveM,57
McDonalds,511675
MessyDeskGames,283
Mexicanitasmx,42415
MichaelMatteoRo,2976
MichaelVBoule,4724
MiguelAniston7,1491
MikeMiranda11,4048
MikeVanderbilt,54994
Mile_Zee,2650
MiraeCat,948
MissMaimePeas,6560
Mixeyyy1,15
MoistCr1TiKaL,2036
MontyGeer,4648
MookeDaGod,74
MorrowD33,170
MotorcycleMagUs,4683
MovieMediocre,3
MrCianTwomey,3629
MrLukeJenner,1649
Mr_DrinksOnMe,23043
MurrellDan,2448
MzladiCal,11533
N8ifinity,276
NAPAWF,12339
NaveenChandler,91
Nazzman,2219
NeonNeverSleeps,200
NewMediaSD,3421
NewberryLibrary,6336
NextBestPicture,92447
Nike,36162
NintendoAmerica,17504
Nnamdi47648955,7
Noi_X,3313
Nomsa53396822,0
NylaRoseBeast,6394
OMGkee,20233
OakleysBistro,3679
OasisFMChile,73904
OctoberHell,3932
Ohrangutang,8960
OneElevenChi,692
OnePieceAnime,534
PAS0LINI,304
PDSharp1,13
PHILANTHROPYCCC,1287
PIVOTGANG,15998
PPLAreTerrible,1636
PRforAnyone,75294
PaladinAmber,1767
PanicPoke,165
PapaJohns,56108
Paparazzi4U,237162
ParkPlaid,9
Paujoyas,3658
PearsonUSA,228
Pelaovenegas,12233
PeterAlexander,4219
PeytonList,8359
PinkLabelTV,7885
PivotingInHeels,94
PixelCGR,19662
PlayStation,30858
Plipla2,1013
Podern_Family,87
Poltrg_Thoughts,2660
PopTartsUS,25334
PornAsia1,86
PowercutMusic,64674
PrideOfGypsiesJ,4
PrideintheParkC,39
Prince_Vince_,3921
ProperOpinion,105495
Qwipster,3438
R2DZNTS,26241
RAMRANTS,140152
Rage_Quit_Rehab,377
Raini_Rodriguez,23735
Ram130cnx,925
Ramelcarterfilm,2014
RaquelC_Diaz,340
RaquelR14862334,0
RaquelStecher,87103
RasmussenBros,3774
Reheaded12,879
ReneORD66,30
Renton4441,22
RepJudyChu,5280
RepentantSky,4673
RetroBzar,4780
RhysHandley2113,7004
RichLux713,589
RingoIsGOD,990
RissaBlakeley,6440
RobBailyRoc,3882
RobtGLee,1655
RockSingR10,12938
Rodrigopeve,9647
Rtreatwilliams,30102
RumerRaines,6441
Russo_Brothers,175
RyanBrindleyIU,35
Ryan_McMahonn,2673
SCT_mx,83121
SECTUR_mx,77635
SEDEMA_CDMX,49796
SEGOB_mx,117869
SGZimmer,12306
SLSingh,37386
SLT20201,18445
SOBSECDMX,63685
SUBWAY,83126
SURGE,2820
SVAVLLC,2503
SWTheory66,2816
Sabrina91017730,0
SacmexCDMX,68554
SalamatakGCC,88
SamuelHay92,12433
SamuelWelch4,183
SaoirseJackson,1170
SaraAlfageeh,14967
SaraStapane_,20
ScarlettDelage,30
ScaylenRenvac,2261
SeanTho67849696,8375
Shady_Bodo_1,7
ShannonBream,30096
ShirleyGodbey,0
ShoyebK80488460,328
SignatureTable,1
SimnAndres12,3
SimpsonsAlbums,211
SirFilmFreak,100
SmarkSister,20612
SnapDeezeThanos,8
SneezyFapper,727
SonySantaMonica,24459
SpiderManMovie,4327
Sprite,20287
StarRegistry,2414
StephenAmell,5943
StevenUnrue,1644
Stonewall_77,178129
SubmitMyTrack,5805
SunKingBrewing,22538
SuperKingofBros,5518
SussexCoChicken,75
SyndicateChi,1542
TKOpresents,2337
TRAFICOBAZAR,20716
TSG_PR,1948
TaraDBennett,45545
TariqAldowaisan,30588
Taylorrob28Rob,8947
That0therGeorge,7127
TheAmazingDave1,545
TheBabylonBee,5532
TheGuerrillaRep,7243
TheInSneider,96106
TheNintengal,16248
TheNotoriousMMA,8047
TheRealOJ32,18
TheReplacements,78
TheTeriGamble,6014
TheWildIndigo1,10
TheWizardofAss,1610
The_DCEU,9681
The_Greek_Geek_,923
Theburger92,127
ThehorseCapper,32228
ThemeParkDustin,658
Timcast,2539
Timjobs98,6299
Toastiewiththe,196164
TomHolland1996,1338
TrueKofi,14905
Tu_IMSS,69760
TurismoCDMX,59509
TwitterSafety,850
TylerSickels6,86
UnUnderscore,7363
UnbridledMd,4643
UncommonPrince,36782
UnluckyHeroine_,74
UrbinaRiojas,80
UrrutiaJIU,907
ValCleans,32
VirgilFilms,2855
VivaLaxIndia,34752
WTHQ_RT,36550
WadeWil36606087,14
WeAreChilpa,389
Wendys,172544
WestJaden24,116600
Winter,2207
YTConnected,89
YanceyMaya,2
YanksInSeven,2270
YaraShahidi,19856
YesterCades,1137
YolaDiaLA,32
YosonSolo,641
ZevShalev,11617
_Mr_Padgett_,230
__yunglexi,56907
_beall_,5014
_mckennnnaa_,1705
_rachelyang,754
_watch_ksa,11
abrahamyaelcv,291
actor_md,551
actorkriscarr,4237
adriaarjona,365
aleeshacpr,121148
aliciamalone,1858
allan_cheapshot,137793
almjnwntsarh,13
alphavdesign,191
alteredground,20109
amoudinoura13,67
amy12368,114
andrewscottbell,2969
annesley_lia,50
annette14449814,2915
antabert,19999
anthonyjeselnik,2424
antonio_green,377
army6_q,1531
ashley_heyer,31
austute119,10
azizeeh23,29503
azorohio,2926
baley23345732,625
bdjackforhad,0
beachbikes,6570
beadequintana,1283
bellathorne,77439
benshapiro,143950
bigjohnro55,4260
billburr,13649
bizarrolivecl,5619
blackmotherfilm,207
blerdgasms,2452
blockhedz,201
bloodnblackrum,46398
bloomfieldbops,6138
bmoviesd,29026
boby_curse,932
bowlestrek,1543
bradley_s_perry,3927
braulio_man,33
brianjacks,425
brianwaves42,541
bridgitmendler,9574
broken_social,5111
bryanalvarez,26963
byers8205,24
calvinmcgonagle,633
carmenrionmoda,1351
carolaverygrant,31597
catdanlis,25614
cevinkouch,183
chamuchula,10457
chasing_molly,176
cherrybracelets,31184
chillingmovies,26211
chinamcclain,24207
choshiab,78
chris_tardio,551
chrissteinplays,7310
christophervele,1071
chuckfleegman,79
clarkewolfe,29400
cliffWISH8,14461
coachbrucepearl,5801
coltsNation365,244
compassion,29605
conansmith96,244
condessaleather,47
consequence,145811
cosmovarietyhr,1128
craiggerbird,173
cultura_mx,71851
curtis9413,0
cuteaasha,1239
cwilsonsongs,233
daejacollier,4613
dailystoic,4664
damndinally,74328
danblackroyd,75905
danketch69,27593
davemeltzerWON,76648
daylilybella,19193
deanbc1,76609
desertdaze,2047
dgjeans,3457
dicker_graham,20574
diellemusicuk,45849
dironesporridge,2279
ditzyfitzy86,80
domcorona_,2632
dominos,389884
dr_unimpressed,5637
drlouisewriting,1772
dvdwlshhh,4269
dwallacewells,8546
earnestjeremy,197
ed_solomon,10687
edicola_di,4895
ej_hazzard,395
ekm34981,74
ellabalinska,543
ellamaesbtq,1915
ellfog,351
elonmusk,8240
embryoroom,1844
emilianojuanca,77
emilyyoshida,19255
encinavicencio1,62
erickohn,30147
fafifochile,4554
fbowpod,6745
fdobarrientos,116
fearamid,3592
ffmedianews,1367
fiShandn0odles,8737
filmtrials,8370
firstwefeast,36892
fizzandginger,2562
fotechcl,67026
freshmovietake,22
ftr_cast,1830
galkamalka_,718
garriganjim,173
garyvee,176332
gaytimesmag,27053
geekheavy,5186
geekinoutsobier,3785
germanottateam,1302
ghostgarbage,1991
ginatorres,153
girlsontopstees,2099
gnarlynaims_,6633
go2Crossroads,6039
gotsnow10,212
gypsyglambykate,11199
h_alharbi_1,3320
hadestown,6827
halfformedopin1,573
hananhobilak,20
hauslabs,27
hausofjoel,231680
hazoki_97,393
hffnh1,379
high1ife,6028
hipvelma,1227
historylvrsclub,221566
hitsville,5530
hodgetwins,775
houseofnodfilms,3629
iamalmostlegend,49027
ihccbusiness,2694
ii_whisper,33259
indypiesandpint,291
indystyle,9459
isabelleg319,3330
itsNICKSNIDER,16497
itsjoelpimentel,6028
itswillmanning,26214
jamesw033,2544
jamiekilstein,121834
jarrahdiana,754
jasonscottlee,87
jasontpowell,3717
jaybriscoe84,139
jctdallas,35920
jeffconway,7143
jennxlai,99522
jillian1001,17
jimmycthatsme,4456
jlr1988,51393
jockowillink,80101
joerogan,44503
joestarr187,27747
johnbuckley82,4021
johncocozza,5643
joncaramanica,10879
jonnixfilm,9030
jordan__kelvin,2
jordanbpeterson,15211
joshuaboshell,1154
just_linee,5138
juv3nt1n0_1897,53819
kaifaanii,996
kaitlyndeverrs,9674
kathrryyn1,3811
kaya25561180,828
keithandrewrowe,2037
kerensacadenas,19462
kevinac2787,1566
kimura_syoya,1314
kioopz,101
knovak832_novak,140130
kobokosandals,269
krowdster,268873
kulturec,4842
kumailn,666
kuniv_aid,116
kurt_loder,27038
kylie_conway,9463
la_oreja,10928
lablock07,822
lalonjamx,4365
lapierre_maddie,1610
lauraco90893417,25
lauramarano,29869
lauramitchem1,55525
laylakaylif,6
lcaro67,6458
le_goldie_,3384
lenaisapeach,11023
lepetitmondemx,9
leresatee,17731
letterboxdfame,866
lisabassboom,240
lisacyoulater,8991
livary43,6
lotusmusica,8438
louisa_harland,228
loveIeighright,14082
loveajcderight,3655
lsassociate_jb,3757
lubiazebadua,0
luccyy12,1034
lumnayofficial,1114
mPinoe,6328
madcoolfestival,18780
maggiegalton,1652
majonapata,6284
mantra4good,1227
maravinnita,11168
marrleyy5,384
matthewroth19,21
mazuyn11,2948
mbellasartes,21242
mcdonalddetroit,512
megaenshea,323
meganwmglesga,7156
meh_frances,168
mgflashman,4126
mguajardou,1
mhcovill,44609
miagothette,2273
miaportillo28,11735
michaelnakache,217
michelledudash,14266
mike_Iaconelli,7612
millaraysmb,30
mimiuontherun,1351
mirandambailey,4843
missrexha,4625
mixermanagement,28113
mjubenitez,1
mmits,3648
mo_jasem1,13035
modernpope,2995
momgerm,763
moodav47,57684
movienation,14823
movistararena,17251
musermama,101
nakamura193,110
nancyodell,12000
napstryo,8
necrony,445
neli_rowland,2764
newguyreview101,31183
newlife42652905,215
nick_britton32,976
nickmo57,135
nicolacoughlan,16044
nottjmiller,29245
odis85,18
oliverdarcy,54907
omn1media,1920
onemichile,76248
orangecassidy,335
palladiummag,537
patrick_758_,11647
pcorey79,516
pendragon9681,933
pest_coach,109
pewdiepie,152
phantomplanet,227
piera42185492,3
planetary_union,3441
podcast_tas,463
prattprattpratt,3895
pupbroofdog,141291
puscas_lucian87,79
quillivys,1216
rachel_reviews,148431
rachelmooney19,545
raehanbobby,156917
rafiright,1882
ranchdressingg2,1606
randommnky,20719
realbethgibbons,15
red_chelse,1372
redlobster,37066
reinoe,2361
rendy_jones,18433
sus1eaf,683
susanorlean,39532
tacobell,792416
tayarisha,2787
taylorswift13,224
taypearlstein,2737
teacakeandmake,20910
tedharringtonjr,9503
telix5000,2266
tengounplan_cl,9
thameeralamma,38709
theDALTONcastle,6391
thechipwillis,3740
thehighsign,70664
thehills,8192
themaxhalloween,1892
themccpodcast,13573
themusiczoo,5454
thenerdsofcolor,29732
therealjoebob,4572
therealrapiton,201
theresaroemer,4042
thescribes_,279
toddd_foolery,347
tomandjerr_,58
tongueinsideme,308
torresvcalcio,11125
trailered_,663
truth_077,6332
tunein,21422
tycecarlson,217
ulcmonastery,3010
unitonecollects,1823
uzmanmemo,1121
valenti05042624,0
vanitasbazar,12424
verge,159298
wesleyroth,6583
wgtc_site,118812
whatifventures,118
whitaker_marva,0
wifilmfest,12425
woahtato,566
wolfeatworld,45271
woodstockfest,1889
writeboy,357
xeviuss,533
yesterdaymovie,127
yifei_cc,13
youthpallet,35
yoyabresky,3798
zabdiel1344,504
zachdcampbell,2846
zachforzombies,76588
zuliluis_mx,17
zzcat88,145
